Code,Lat,Long,Families,Population,MTN,MCI
310330,36.740747,53.964223,628,1883,100,100
320641,36.998885,54.134336,35,129,100,97.58
320644,37.093001,54.070422,118,449,100,100
320667,36.889835,54.215706,91,352,66.04,82.34
320675,36.90292,54.163355,59,198,100,100
320679,36.950845,54.139624,41,154,100,86.65
320706,37.127398,54.247746,99,383,99.51,94.02
320707,37.118667,54.176052,21,86,97.55,95.93
320708,37.141098,54.221187,196,710,100,99.59
320712,37.093051,54.310047,79,306,83,78.48
320717,36.980502,54.340341,180,637,100,98.41
320724,36.977954,54.303171,86,314,98.62,100
320725,36.984087,54.297145,153,535,100,100
320727,36.995536,54.259427,62,223,91.31,100
320761,37.003317,54.243147,64,266,100,99.55
322372,36.949072,54.731159,124,426,85.86,100
322389,36.962716,54.769802,100,326,100,97.51
322465,36.774498,54.000001,85,307,99.5,90.44
322498,36.942385,54.857761,376,1426,100,100
322499,36.940052,54.901597,693,2843,100,100
322513,36.983192,54.810884,91,303,80.22,82.47
322864,36.85791,54.209428,58,189,100,100
322877,36.795917,54.239318,860,2601,100,100
322957,36.774498,54.000001,207,714,100,59.25
322970,36.766536,53.99196,297,960,100,100
322998,36.792856,54.014022,82,269,100,100
323030,37.201311,54.696308,195,735,96.27,82.41
323031,37.191323,54.732975,110,347,100,98.04
323033,36.885531,54.79162,141,468,99.82,83.01
323036,37.230487,54.72323,338,1255,100,100
323037,37.228265,54.713078,413,1561,100,99.72
323038,37.247875,54.69856,43,152,100,93.38
323039,37.213557,54.688158,342,1405,99.42,98.58
323040,37.225655,54.672662,276,1108,99.41,98.35
323041,37.24193,54.636417,133,513,80.18,100
323044,37.182358,54.656919,276,968,57.8,40.5
323053,37.120828,54.648637,35,131,100,100
323088,36.929138,54.338348,56,204,98.84,100
323095,36.981292,54.593239,128,458,98.58,100
323096,36.971564,54.619581,219,754,100,99.79
323099,36.984881,54.580903,403,1539,83.74,77.72
323117,36.957219,54.591182,405,1366,82.5,99.67
323118,36.948408,54.602115,50,174,98.24,99.17
323129,36.884431,54.664559,325,1012,100,99.56
323212,36.936139,54.826985,266,866,70.85,93.81
323213,37.115079,54.821799,202,743,75.76,72.1
323403,36.907399,54.374481,257,902,99.56,72.72
323429,36.82093,54.419482,570,2189,100,75
323692,36.857238,54.524555,472,1622,100,97.35
323730,36.794626,54.571415,104,377,45.89,79.71
323737,37.94009,55.336503,22,92,0,100
323740,37.305967,55.156554,70,260,97.61,100
323745,37.433613,55.217606,171,658,62.89,32.41
323756,37.32861,55.152813,34,154,88.2,90.97
323763,37.299726,55.13717,58,239,94.04,100
323764,37.365384,55.294878,289,1180,100,87.1
323765,37.366853,55.296276,366,1433,100,93.91
323766,37.378079,55.301877,314,1209,100,100
323773,37.2907,55.228571,362,1311,96.04,100
323778,37.413268,55.363021,132,480,100,100
323784,37.571319,54.834259,127,456,0,100
323788,37.771636,54.952647,89,320,100,98.34
323789,37.778804,54.964222,166,591,100,26.7
324026,37.218261,55.088664,79,305,100,100
324027,37.235781,55.080409,245,909,100,98.88
324034,37.262883,55.142068,373,1456,100,100
324035,37.273572,55.137642,429,1695,100,100
324036,37.229876,55.127405,562,2185,95,92.56
324037,37.238805,55.129861,302,1106,100,95.2
324041,36.933415,54.914649,174,584,98.99,95.78
324042,37.130703,54.999025,153,510,100,88.22
324050,37.084517,54.941707,194,769,97.59,79.84
324056,37.10135,54.916838,45,153,100,100
324057,37.095067,54.928245,43,141,96.91,89.78
324075,37.062992,54.896076,193,670,54.52,87.59
324080,37.164361,54.968509,465,1778,100,100
324085,37.175603,54.960849,105,435,100,100
324102,37.185173,54.839244,59,212,99.48,92.6
324103,37.182745,54.870554,138,464,87.97,96.57
324104,37.188491,54.908107,54,183,100,84.21
324106,37.231348,54.7576,455,1622,100,97.8
324109,37.246868,54.885386,144,510,84.16,87.11
324110,37.235259,54.868898,138,564,99.99,96.29
324111,37.245886,54.859146,57,176,64.87,93.85
324113,37.233688,54.831065,61,233,86.55,80.43
324114,37.24409,54.803247,175,665,99.61,90.22
324115,37.223464,54.784102,71,254,99.28,100
324116,37.229784,54.782492,65,225,98.82,86.78
324117,37.226891,54.793411,69,267,98.26,97.62
324121,37.157759,54.788425,165,696,99.56,92.18
324141,37.143359,55.028917,142,465,100,100
324159,37.056056,55.315908,96,332,68.75,100
324178,36.933415,54.914649,39,128,100,100
324193,36.910036,55.467742,127,410,0,100
324209,37.11951,55.139689,97,309,56.72,87.64
324215,37.188537,55.134004,341,1259,94.1,70.14
324249,37.159908,55.11889,75,258,63.4,100
324269,36.933415,54.914649,860,2848,100,88.05
324274,36.996663,54.93212,154,559,100,100
324278,37.023436,54.912064,70,206,100,100
324292,37.042602,54.917248,423,1524,91.57,100
324320,37.062992,54.896076,639,2341,100,94.07
324321,36.954858,54.944735,1174,4568,100,97.77
324322,36.959841,54.945745,628,2452,100,100
324334,36.975317,54.963888,330,1236,100,100
324336,36.973518,54.964364,158,506,99.69,100
324343,36.931971,55.124514,29,98,100,95.1
324440,37.102465,55.080829,102,370,97.54,100
324441,37.105765,55.075759,113,401,98.52,100
324442,37.097131,55.088693,91,295,100,100
324466,36.969479,54.643448,368,1305,100,100
324917,37.668697,55.800292,132,483,0,96.19
324919,37.685532,55.837998,166,602,100,89.34
324921,37.631972,55.928369,48,168,0,94.98
324922,37.87753,55.806492,27,74,100,100
324923,37.616065,55.965382,131,479,99.35,100
324924,37.661326,55.969098,191,716,0,100
324925,37.657526,55.990558,88,323,0,0
324932,37.625775,55.81822,169,627,0,100
324933,37.628636,55.846876,222,842,0,98.88
324935,37.468859,54.895687,82,294,22.68,94.71
324939,37.641097,55.914746,107,390,0,74.52
324941,37.666451,55.894318,59,212,63.33,92.17
324942,37.684329,55.92787,33,139,0,57.51
324943,37.728035,55.890095,58,214,81.58,78.42
324954,37.812711,55.917486,69,285,40.44,47.3
324957,37.762541,55.850392,21,83,14.5,80.5
324958,37.917848,56.051509,169,642,93.48,100
324959,37.911392,56.072735,110,402,0,98.28
324962,37.902135,56.09066,74,319,100,100
324964,37.913356,56.101091,210,870,0,100
324968,37.998744,56.215414,81,310,0,90.7
324969,38.060519,56.160307,46,172,0,99.72
324971,37.895848,55.920942,58,218,100,85.03
324973,37.869828,55.832731,41,140,90.13,17.28
324981,37.911342,55.740051,117,402,97.01,98.13
324987,37.919487,55.651116,129,496,97.37,98.32
324989,37.918688,55.632153,223,863,98.13,100
324990,37.924349,55.614223,115,492,99.7,100
324991,37.93411,55.589946,244,932,96.17,91.14
324998,37.920883,56.260686,559,1992,100,100
324999,37.918866,56.282427,130,464,100,100
325001,37.977784,56.291257,67,288,0,96.21
325002,37.965571,56.265642,273,997,28.77,94.15
325004,38.060519,56.160307,30,104,100,88.1
325007,36.961937,54.75607,25,67,96.43,53.87
325041,37.19684,55.392156,100,305,100,88.77
325043,37.193805,55.397525,31,112,100,100
325045,37.245386,55.36028,155,549,100,98.84
325047,37.26143,55.355979,131,541,100,97.19
325051,37.160788,55.482634,29,113,0,100
325054,37.293002,55.535189,569,1863,79.61,79.29
325058,37.307087,55.515163,29,97,100,93.55
325060,37.387023,55.706234,45,151,100,99.99
325066,37.36754,55.60237,96,317,100,87.6
325076,37.328031,55.493226,84,286,100,90.66
325077,37.325045,55.495366,74,248,93.81,64.59
325078,37.337836,55.576169,229,817,89.71,100
325080,37.367941,55.464071,117,360,100,75.33
325085,36.774498,54.000001,101,363,100,62.28
325086,36.874284,54.410831,121,409,100,77.82
325087,37.284631,55.449381,345,1362,96.26,81
325107,37.288202,55.385117,185,606,100,96.49
325109,37.062992,54.896076,124,450,100,100
325114,37.32348,55.435327,39,131,94.07,100
325120,37.307541,55.770942,60,209,0,100
325121,37.579096,55.605913,158,494,81.9,13.37
325122,37.582824,55.617133,228,790,0,50.7
325125,37.666221,55.654875,109,397,2.24,100
325128,37.571972,55.819866,95,365,94.92,45.79
325129,37.576108,55.841514,389,1412,26.28,90.26
325130,37.582749,55.874119,310,1300,0.36,0.54
325132,37.471815,55.693714,109,392,0,75.49
325134,37.442892,55.70079,45,180,0,82.11
325149,37.541878,55.727282,140,489,97.61,88.42
325151,37.54937,55.734324,75,270,100,93.59
325155,37.564841,55.753497,230,900,100,100
325156,37.517879,55.760589,154,542,51.65,88
325168,37.410245,55.548091,145,545,100,100
325184,37.705625,55.409199,131,476,0,61.2
325185,37.721699,55.435518,74,259,100,35.8
325187,37.693664,55.371499,100,362,0,96.11
325188,37.701878,55.365609,224,884,100,93.12
325189,37.725944,55.546458,61,216,0,0
325194,37.390074,55.483322,95,339,100,100
325195,37.39265,55.471127,46,187,70.76,91.92
325196,37.391028,55.469316,66,197,67.11,100
325197,37.392414,55.460457,202,697,100,89.58
325198,37.408663,55.434112,291,997,94.86,74.65
325203,37.36039,55.365627,65,238,100,10.07
325204,37.342768,55.365871,302,950,100,57.84
325209,37.355766,55.340806,47,182,100,74.38
325211,37.393334,55.358065,77,250,100,99.13
325214,37.33989,55.420595,44,148,100,97.02
325217,37.348577,55.419442,43,159,100,100
325219,37.343819,55.435598,81,279,100,100
325222,37.34908,55.436952,48,163,100,94.53
325223,37.344279,55.450595,49,147,100,100
325227,37.346418,55.49585,152,501,100,65.62
325233,37.367941,55.464071,72,213,100,83.33
325237,37.363621,55.447396,100,303,97.33,90.82
325238,37.369388,55.442811,51,173,100,81.85
325239,37.372633,55.416606,87,284,98.31,88.49
325240,37.379228,55.433131,33,114,0,66.67
325248,37.359023,55.38791,48,179,100,65.96
325249,37.35668,55.41994,31,105,100,93.81
325308,37.021324,55.008954,58,190,99.16,100
325335,37.338574,55.407319,121,438,100,98.77
325351,37.113227,55.123883,274,1046,76.93,68.11
325353,36.792856,54.014022,148,490,100,99.23
325354,37.149212,55.066868,578,1983,100,83.62
325364,37.194899,55.302631,123,442,100,100
325365,37.548217,55.779792,63,234,100,4.67
325367,36.673364,54.288659,39,114,0,96.22
325390,37.182033,54.725419,118,422,100,98.98
325406,36.968427,54.854184,93,291,99.35,89.7
325407,36.982368,54.450367,54,171,99.75,99.09
325408,36.849293,54.366926,52,157,99.73,99
325409,36.854589,54.360049,50,160,100,100
325411,36.792856,54.014022,48,164,98.92,99.55
325412,37.074435,54.583876,40,128,100,100
325413,37.044133,55.074379,62,216,100,100
325417,37.656094,55.202913,83,333,0,80.77
325418,37.65,55.209855,22,82,0,0
325419,37.349413,54.935412,48,184,0,58.12
325424,36.918259,54.34297,82,322,91.55,95.11
325433,37.317627,55.280717,40,120,100,63.03
325434,36.885531,54.79162,55,194,100,100
325435,37.310164,55.27182,39,151,100,91.84
325668,37.35807,55.299025,67,240,99.99,100
325672,37.100598,54.676794,47,169,97.3,97.28
325673,36.996845,54.575567,177,595,92.03,81.99
325674,37.341304,55.341789,256,843,100,100
325675,37.213358,55.048402,115,438,100,81.35
325677,37.1463,55.188011,223,824,94.39,100
325678,37.139337,55.126597,147,514,58.2,90.53
325679,37.143507,55.121029,21,78,100,86.5
325681,37.116844,55.474799,40,113,0,100
325682,37.259741,54.941321,96,354,100,93.1
325683,37.230079,54.999017,52,198,100,100
325684,37.196144,55.128482,118,407,80.39,100
325686,36.986053,54.974478,103,327,96.9,100
325687,37.092053,55.107962,30,97,98.57,100
325688,36.818765,54.355205,86,256,100,100
325689,36.844804,54.510561,527,2251,98.79,81.38
325692,37.116005,55.075218,118,372,99.68,93.33
325694,37.056392,54.968904,171,591,91.96,97.82
325695,36.88012,54.377601,127,418,100,100
325696,36.766536,53.99196,50,159,96.92,99.69
325697,36.866161,54.674265,31,108,100,100
325698,37.279896,55.307561,60,226,98.38,67.16
325699,37.216208,54.877276,170,638,97.1,95.27
325700,37.149624,55.011108,69,245,100,100
325701,37.212381,54.797258,46,163,100,99.52
325702,36.792856,54.014022,40,166,66.18,90.06
325703,37.042906,55.485707,209,669,100,100
325704,36.90895,54.285919,64,229,98.17,91.9
325707,37.111703,54.759613,117,457,100,93.62
325708,37.093286,54.845218,37,132,85.91,90.06
325709,37.095305,54.832762,63,235,69.6,98.73
325711,37.087884,54.695445,38,161,100,100
325712,36.969479,54.643448,38,120,100,98.91
325713,36.792856,54.014022,79,256,98.57,98.31
325714,37.060953,55.012316,113,473,100,100
325715,37.09527,55.065374,63,236,100,100
325716,37.093407,55.02589,47,137,100,100
325717,37.041542,55.001698,102,340,100,99.07
325718,37.035993,55.009496,99,401,91.88,100
325719,37.045704,54.99227,46,176,92.19,100
325721,37.059868,54.9765,76,254,88.26,100
325722,36.95631,54.836048,121,435,96.29,82.56
325738,37.362773,55.297024,64,222,100,73.24
325739,36.970575,54.716171,200,796,22.22,100
325740,37.005234,54.802541,73,255,86.86,100
827001,37.108899,55.122582,61,233,100,100
827002,37.254606,55.263639,24,80,81.73,100
827004,37.377073,55.456633,23,73,100,100
827005,37.987395,56.328695,59,196,0,0
827006,36.908774,54.259849,56,194,100,20.7
827008,37.130165,55.021792,85,301,100,81.64
827009,37.101399,54.860836,87,282,63.36,63.08
827010,37.152697,54.811062,95,367,62.72,95.6
827011,37.281413,54.96959,78,321,77.57,98.83
827012,37.2476,54.926347,98,372,100,63.49
827013,37.243867,54.889771,70,254,80.93,64.57
827014,37.252855,55.253191,24,93,100,100
827015,37.153143,55.25013,46,168,100,98.76
827016,37.270888,55.350622,23,85,98.73,86.11
827017,37.303548,55.52834,57,194,82.03,100
827018,37.234015,55.267515,313,988,100,100
827019,37.281613,55.361635,139,464,96.07,73.43
827020,37.284899,55.372805,124,439,100,100
827021,37.254787,55.412464,83,271,100,98.94
827022,37.319952,55.437556,24,84,100,100.01
827023,37.305938,55.447325,39,141,100,88.48
827025,37.074435,54.583876,37,110,100.01,99.02
827026,37.332807,55.470306,93,322,40.88,80.7
827027,37.363177,55.486943,35,112,87.7,100
827028,37.567763,55.808905,55,213,46.72,50
827029,37.34163,55.523229,52,172,100,83.69
827030,37.509063,55.546591,43,134,100,60.09
827032,37.692182,55.850503,22,70,39.66,90.01
827033,37.682335,55.904967,36,140,73.12,98.19
827034,37.030872,55.003525,40,108,100,100
827035,37.36039,55.365627,62,199,100,100
827036,36.767526,54.233886,50,167,100,100
827037,37.105221,55.111871,58,241,98.57,19.96
827039,38.078438,55.494765,35,127,89.57,100
827040,38.078438,55.494765,67,243,25.22,96.61
827041,38.060519,56.160307,92,326,0,88.77
827042,38.060519,56.160307,47,159,98.69,100
17350,36.981263,54.274721,833,3128,100,100
17351,36.959011,54.252089,163,721,89.83,72.96
17352,37.128463,54.269246,200,697,83.01,100
17353,37.010022,54.162416,828,3259,98.81,99.93
17359,36.949393,54.161482,710,2528,100.01,100
17360,36.988196,54.052441,175,664,100,94.05
17361,36.978863,54.289144,199,737,100,100
17363,36.958403,54.083416,770,3064,99.9,99.88
17364,36.988419,54.048254,779,2730,100,98.5
17365,36.947929,54.208154,527,2193,88.37,100
17366,36.993208,54.095326,1429,5129,99.75,99.93
17367,36.986749,54.060086,384,1401,99.42,99.63
17368,37.09243,54.364389,379,1447,53.43,100
17369,36.964202,54.085366,159,552,99.9,99.88
17370,36.939017,54.354638,267,1119,92.32,100
17372,36.994808,54.069486,89,325,99.66,99.61
17373,36.977024,54.327841,965,3414,99.43,100
17374,37.005225,54.099844,289,1024,100,100
17375,37.144046,54.190722,370,1374,99.63,99.87
17376,36.981178,54.294371,132,461,100,100
17378,37.646909,55.720722,289,985,98.9,99.83
17379,37.003137,54.145555,248,975,98.18,95.23
17380,36.916161,54.283753,290,996,100,75.87
17381,36.98911,54.086325,161,546,92.38,99.63
17421,36.906683,54.112918,99,395,99.13,95.6
17422,36.894092,54.152441,86,252,100,94.08
17423,36.905178,54.207141,118,483,91.87,90.54
17424,36.886026,54.112745,976,3747,100,98.76
17425,36.895497,54.21955,281,982,78.21,53.48
17426,36.828022,54.052237,500,1843,85.03,99.89
17427,36.894873,54.174789,677,2731,100,100.01
17428,36.853598,54.079758,578,2226,100,93.1
17429,36.871134,54.058703,40,146,100,97.93
20504,36.792394,54.970312,67,224,36.36,80.69
20505,36.721987,54.842757,40,116,56.29,95.9
20506,36.962485,54.837151,123,367,100,62.95
20507,36.880508,54.827254,217,704,72.03,78.75
20508,36.8657,54.768983,55,153,87.69,99.58
20510,36.961937,54.75607,239,823,20.51,100
20511,36.885466,54.80248,554,1659,99.68,89.53
20512,36.955054,54.816297,75,242,94.1,100
20513,36.914256,54.835816,804,2503,99.4,100
20515,36.959479,54.728162,159,500,95.92,100
20517,36.786469,54.859631,21,60,57.83,76.78
20519,36.95631,54.836048,103,317,100,62.43
20520,37.000007,54.889788,471,1473,80.73,85.93
20522,36.889621,54.765908,1295,4324,72.26,57.14
20524,36.937057,54.86388,125,402,98.62,91.42
20527,36.953332,54.720151,147,470,99.99,100
20528,36.947628,54.716533,676,2206,89.16,86.66
20530,36.885531,54.79162,199,620,100,73.75
20532,36.981567,54.839835,175,582,97.16,88.07
20533,36.897341,54.908637,558,1745,99.74,100
20535,36.726597,54.785209,27,85,100,99.36
20536,36.96876,54.775011,279,911,82.88,99.37
20537,36.764905,54.781701,31,98,100,100
20538,36.792856,54.014022,544,1683,55.95,81.75
20541,36.936139,54.826985,170,546,82.09,93.38
20542,36.965914,54.695209,151,539,100,83.28
21131,36.711695,53.941311,182,552,100,74.67
21132,36.753788,54.031207,218,662,100,100
21133,36.79339,54.032652,371,1242,100,73.97
21134,36.70477,53.914512,117,300,69.9,100
21135,36.731768,53.891044,370,1067,100,91.27
21136,36.79339,54.032652,311,920,100,100
21137,36.738651,53.946201,166,454,100,100
21138,36.740146,53.954432,169,509,100,100
21139,36.756042,54.008137,218,667,100,93.68
21140,36.753603,54,152,430,88.68,83.11
21141,36.752631,54.025715,127,397,100,100
21142,36.761609,54.036512,321,941,100,100
21143,36.748435,53.975676,109,332,100,63.88
21144,36.732197,53.865799,108,318,100,97.85
21145,36.742468,53.970646,422,1276,100,100
21146,36.750008,54.01757,223,668,99.42,100
21147,36.733508,53.874339,415,1229,100,98.76
21148,36.733339,53.884547,757,2240,100,100
21150,36.716277,53.96787,128,364,93.09,53.46
21151,36.748797,53.98842,118,344,99.3,100
21177,36.801191,54.148828,1094,3218,100,100
21179,36.792635,54.192268,359,986,100,100
21180,36.762917,54.175325,1228,3604,100,100
21181,36.836648,54.137267,0,0,98.16,89.43
21182,36.767526,54.233886,33,86,31.23,74.89
21183,36.796584,54.18081,668,1929,100,100
21184,36.773278,54.220076,89,245,20.35,83.29
21185,36.668304,54.147017,10,23,82.76,99.26
21186,36.807417,54.257189,71,207,100,99.01
21189,36.642585,54.096393,66,235,0,2.38
21190,36.860802,54.139183,96,319,88.72,98.9
21191,36.86807,54.156298,91,304,77.68,97.36
21192,36.802833,54.213808,106,279,100.01,100
21193,36.771051,54.077866,539,1623,100.01,92.51
21194,36.73552,54.070907,889,2680,100,100
21195,36.802954,54.245684,175,497,100,100
21196,36.756409,54.18581,77,204,99.25,100
21197,36.648641,54.063881,73,222,0,10.41
21198,36.816794,54.224546,211,598,97.46,74.91
21199,36.807908,54.223403,126,379,100,97.73
21200,36.847427,54.205845,1011,3080,72.94,100
21201,36.779685,54.225945,519,1589,35.03,69.83
21202,36.779031,54.248208,286,887,57.68,100
21204,36.826917,54.24161,1378,4093,100,100
21242,37.011722,54.391114,214,768,100,97.02
21243,37.092438,54.593406,107,375,98.98,100
21244,37.082138,54.556106,315,1280,100,97.86
21245,37.072269,54.566255,319,1061,99.35,99.59
21247,36.941419,54.518983,61,200,95.96,99.22
21248,37.049752,54.673528,485,1885,84.53,92.68
21249,37.007753,54.775184,746,2691,75.97,70.48
21251,37.014753,54.80912,117,409,54.41,100
21252,37.083014,54.750001,96,370,86.53,87.65
21253,37.132909,54.724933,61,232,100,49.22
21254,37.046278,54.864691,119,446,97.41,32.22
21255,37.079872,54.824262,352,1337,39.74,98.44
21256,37.055769,54.830051,623,2283,99.51,99.35
21257,37.068307,54.786419,183,692,34.49,100
21258,37.056555,54.793045,312,1077,45.2,62.7
21259,37.106034,54.777517,616,2251,43.18,99.64
21260,37.018905,54.817436,196,698,95.35,79.52
21261,36.955824,54.56148,118,467,100,100
21262,36.968195,54.664291,1298,4667,99.22,95.59
21263,36.958674,54.678135,182,638,80.91,80.16
21264,37.091145,54.61243,1219,4254,97.02,100
21265,36.95568,54.446249,177,692,100,100
21266,37.148509,54.659567,245,979,99.81,100
21267,37.014381,54.784656,419,1510,72.34,54.34
21268,36.856618,54.284962,42,158,100,100
21270,37.073129,54.703515,321,1234,100,100
21271,36.959188,54.469962,283,1123,100,87.47
21272,37.00102,54.417543,692,2704,97.43,89.9
21286,37.011472,54.515103,296,1132,99.2,99.72
21287,37.025114,54.531224,379,1442,99.82,100
21288,37.057693,54.55108,126,462,98.89,100
21289,36.994304,54.70191,538,2048,87,97.01
21290,37.01228,54.671353,541,2202,90.2,99.58
21291,37.013508,54.657207,486,1784,100,99.82
21292,36.961438,54.461255,292,1076,70.95,100
21293,36.990657,54.386569,1030,3676,99.57,100
21294,37.006762,54.692059,353,1262,65.6,82.63
21295,36.95761,54.571027,87,343,94.19,100.01
21296,37.230079,54.999017,1451,5333,100,99.72
21297,37.01438,54.503759,602,2197,96.79,91.35
21298,37.038869,54.838914,323,1163,100,78.59
21299,36.929863,54.440133,351,1357,86.32,100
21300,37.064975,54.54026,352,1319,100,100
21301,36.992187,54.736842,796,3308,100,100
21302,36.895497,54.21955,129,435,83.48,77.55
21303,37.055938,54.778394,301,1153,51.93,100
21304,37.01987,54.614015,308,1194,98.08,100
21305,36.964124,54.515684,398,1566,76.91,87.6
21306,36.970174,54.550052,300,1013,99.33,91.38
21307,37.021864,54.646538,639,2234,99.93,99.86
21308,36.995266,54.714035,121,451,100,100
21309,37.075745,54.726683,753,2826,100,100
21311,37.019946,54.485275,119,478,99.77,96.28
21313,37.135477,54.610627,24,104,100,100
21314,37.033774,54.537974,344,1234,97.88,100
21316,36.985801,54.55011,424,1490,100,88.36
21317,36.938101,54.38694,767,2822,100.01,94.79
21318,37.021265,54.497223,329,1313,98.83,99.09
21319,37.186461,54.737009,1104,4103,99.81,99.53
21408,36.907199,54.47097,469,1555,73.91,76.19
21410,36.838147,54.565117,252,766,100,100
21411,36.896611,54.486351,804,2572,100,99.34
21413,36.840928,54.581218,622,1908,99.89,100
21414,36.805057,54.495372,275,892,16.68,100
21415,36.861528,54.644477,300,1009,97.14,90.96
21416,36.875103,54.634651,590,1869,100,98.62
21417,36.934825,54.59051,179,569,82.87,100
21418,36.782449,54.583429,56,182,37.92,100
21419,36.805427,54.429706,367,1149,87.84,99.04
21421,36.878401,54.540157,159,548,43.5,62.28
21424,36.885934,54.602597,88,304,99.37,98.74
21425,36.90839,54.554817,318,1055,19.74,98.6
21426,36.845754,54.571711,210,604,99.69,97.98
21427,36.879687,54.499209,240,791,97.66,58.39
21429,36.918548,54.498691,385,1263,62.32,100
21430,36.85895,54.517997,418,1415,91.56,88.78
21431,36.913133,54.594066,130,393,99.03,100
21432,36.898378,54.52228,335,1163,78.83,18.24
21433,36.898713,54.460233,326,1092,100,95.21
21434,36.856177,54.496973,274,891,91.07,88.29
21435,36.819474,54.592395,572,1744,98.17,47.21
21436,36.884748,54.453192,708,2542,93.67,96.5
21437,36.895513,54.511218,71,192,63.87,85.68
21438,36.792856,54.014022,803,5192,99.69,100
21439,36.876199,54.59974,458,1384,92.84,83.95
21440,36.868644,54.469951,302,984,100,86.25
21441,36.900575,54.541902,278,831,99.27,99.49
21442,36.907793,54.605021,257,787,98.02,99.4
21444,36.833484,54.500191,1209,4129,99.79,99.1
21445,36.938115,54.569309,183,607,81.26,100
21446,36.792225,54.539865,404,1286,100,99.54
21447,36.86136,54.624519,399,1199,100,93.24
21448,36.866059,54.484281,152,470,98.44,90.37
21449,36.925647,54.598196,127,413,96.13,100
21450,36.970982,54.583143,55,177,97.73,99.69
21490,36.799828,54.296511,408,1241,100,100
21492,36.880447,54.426135,1154,3782,100,99.85
21494,36.868729,54.395451,218,725,100,84.47
21495,36.866511,54.304523,167,486,68.47,96.82
21497,36.837829,54.301465,138,386,84.24,94.52
21498,36.578317,54.203188,28,83,0,100
21499,36.628037,54.329238,98,309,0,0
21500,36.856618,54.284962,514,1597,78.24,99.89
21502,36.858657,54.394352,1378,4557,99.42,96.14
21503,36.804813,54.324832,178,539,100,100
21504,36.793813,54.281427,297,971,100,99.56
21505,36.819035,54.379261,569,1834,91.35,73.04
21506,36.795743,54.331711,777,2437,100,100
21507,36.77746,54.273247,282,835,100,100
21508,36.755915,54.274512,293,863,100,61.29
21512,36.887892,54.371567,473,1467,96.5,99.93
21513,36.860752,54.335476,196,618,98.13,80.09
21514,36.874284,54.410831,946,3005,99.2,84.06
21515,36.799478,54.289163,727,2143,90.22,100
21516,36.813758,54.347305,106,296,93.86,99.35
21517,36.827495,54.290434,73,218,83.7,100
21518,36.829686,54.303987,215,645,78.04,85.6
21519,36.804321,54.310072,154,431,93.33,92.57
21520,36.871866,54.31752,153,495,92.3,67.17
21521,36.845429,54.33398,493,1449,99.71,100
21522,36.862428,54.367011,192,624,98.63,92.41
21523,36.893686,54.397529,138,477,96.7,88.3
21524,36.76501,54.304874,273,913,100.01,71.96
21525,36.836735,54.276555,1136,3441,96.56,97.84
21526,36.840161,54.325314,266,796,100,82.12
21527,36.889953,54.346736,799,2666,99.95,100
21528,36.784554,54.370254,22,68,21.79,33.23
21570,36.603412,54.496509,42,109,100,95.95
21571,36.710071,54.478988,730,2280,99.69,97.4
21572,36.560266,54.417262,197,583,98.28,100
21595,36.921432,54.695309,98,355,90.29,98.69
21596,36.838638,54.688304,255,763,96.69,29.67
21597,36.942158,54.644098,391,1339,80.53,100
21598,36.916694,54.636498,328,970,79.37,93.38
21601,36.913873,54.662423,479,1449,30.14,100
21602,36.886418,54.668056,50,164,91.71,100
21603,36.932282,54.633031,342,1054,72.17,97.88
21604,36.90117,54.623509,183,572,100,45.24
21605,36.883034,54.65105,976,3026,100,100
21652,37.40197,54.896373,89,369,95.03,3.96
21653,37.668105,55.191261,388,1415,0,99.29
21654,37.740283,55.244804,200,700,100,94.61
21655,37.41231,54.70862,93,371,100,100
21658,37.813653,55.468851,309,1151,0,100
21659,37.468859,54.895687,53,204,78.19,67.65
21663,37.733847,55.08807,42,145,14.37,13.14
21664,37.684158,54.822968,86,316,38.51,80.93
21665,37.419056,54.649829,456,1666,100,100
21667,37.750012,54.90644,51,174,100,77.89
21669,37.632472,54.815308,362,1451,14.64,99.39
21670,37.495105,54.804486,72,286,100,81.58
21671,37.952637,55.24916,62,238,100,96.67
21672,37.844571,55.052996,75,279,0,100
21674,37.55781,54.837864,563,2101,86.31,98.58
21675,37.526445,54.968544,351,1304,100,99.66
21676,37.752697,55.585695,396,1445,0,69.22
21677,37.692113,55.05195,67,256,0,33.95
21679,37.939623,55.177472,101,371,100,100
21680,37.747101,55.519924,98,354,0,1.19
21681,37.802424,54.988321,117,430,43,71.83
21682,37.95664,55.510507,1530,5616,94.58,97.75
21683,37.923356,55.113483,136,487,100,100
21685,37.741786,55.276399,227,862,0,100
21686,37.938938,55.47712,633,2333,95.05,97.56
21687,37.545808,55.474067,440,1689,96.79,98.54
21727,37.12332,55.147165,208,729,97.98,81.74
21728,37.136355,55.181597,89,329,100,97.21
21729,37.117117,55.165655,138,478,100,88.48
21730,37.091919,55.190374,1456,4687,100,96.93
21731,36.935296,55.154976,48,146,0,100
21732,36.961937,54.75607,135,437,11.99,100
21733,36.91387,55.102175,98,304,100,100
21734,36.922134,55.122596,31,96,0,86.54
21736,37.081897,55.103114,322,1070,98.83,100
21737,37.077234,55.074619,872,2581,99.5,100
21738,37.073124,55.159993,223,798,100,99.12
21739,36.85943,55.190205,23,82,80.05,100
21740,37.064032,55.099662,71,229,98.63,100
21741,37.066304,55.197922,335,1130,100,100
21744,36.886007,55.19858,59,172,100,99.41
21745,37.071066,55.137035,1200,3868,100,100
21747,37.094085,55.137018,66,259,100,83
21748,37.077861,55.215573,96,336,100,100
21751,37.057301,55.292955,340,1100,100,99.25
21752,37.115863,55.251237,481,1484,36.64,100
21753,36.956723,55.10954,66,203,100,97.17
21754,37.060191,55.20604,498,1726,100,100
21755,37.062577,55.125001,576,1914,99.63,100
21756,37.13257,55.093093,102,344,0,70.65
21757,36.91271,55.22363,222,794,84.52,94.78
21758,36.813758,54.347305,195,656,100,99.3
21759,37.032881,55.20131,131,405,59.01,100
21762,37.061149,55.231247,487,1480,100,100
21768,37.061499,55.104898,207,738,100,100
21772,37.119615,55.258967,356,1235,100,74.88
21773,36.928363,55.200632,225,815,100,100
21821,37.000014,54.913092,78,233,100,100
21822,36.97867,54.966456,297,961,100,98.86
21823,36.843661,54.940554,33,98,19.94,74.95
21824,36.978552,54.938522,144,482,100,90.68
21825,36.967659,54.917889,571,1901,100,74.97
21826,36.858623,55.027029,55,180,0,68.88
21827,36.964946,54.959153,616,1872,100,100
21829,36.881964,54.95791,194,612,8.42,100
21830,37.003566,54.956826,698,2166,68.06,100
21831,36.996749,55.065,175,575,100,100
21832,37.012526,55.032137,123,379,90.98,100
21833,36.817152,55.04608,98,295,0,100
21834,36.963851,54.970587,367,1155,100,21.25
21835,36.974137,55.021584,322,1049,70.95,100
21836,36.79251,55.013772,162,443,1.41,98.9
21837,37.03359,55.03045,688,2303,100,100
21838,37.025337,54.936349,304,960,100,99.47
21839,36.935126,54.941165,217,663,97.33,100
21841,36.973199,54.959988,49,159,97.34,100
21842,36.986652,54.917926,236,748,100,100
21843,36.82975,55.035821,48,144,0,100
21844,36.95352,54.96139,219,664,98.04,99.43
21845,37.029952,54.95827,374,1282,80.76,100
21871,36.912842,55.473359,232,739,100,100
21873,36.848134,55.35045,75,228,100,100
21874,36.982523,55.348832,38,130,98.11,100
21875,36.903544,55.320414,81,215,0,99.81
21876,36.954106,55.42633,592,1928,12.49,64.23
21877,36.911664,55.319353,26,69,0,42.7
21879,36.958426,55.303564,38,112,100,100
21880,36.975969,55.272078,322,933,100,100
21909,37.420046,55.566006,464,1715,100,92.55
21910,37.348241,55.544742,89,335,100,100
21911,37.355199,55.546432,339,1229,100.01,100
21913,37.478767,55.691817,318,1225,100,98.42
21914,37.361658,55.61529,420,1512,100,95.44
21915,37.51315,55.573237,124,438,100,100
21916,37.340276,55.396376,123,449,100,60.22
21918,37.353541,55.461533,389,1325,100,95.66
21919,37.692182,55.850503,148,495,100,84.49
21920,37.400444,55.460604,287,981,56.41,98.49
21922,37.396081,55.758505,407,1343,99.22,100
21925,37.396009,55.785033,351,1325,100,91.05
21927,37.483454,55.72702,56,172,100,20.95
21928,37.323987,55.465893,157,510,100,100
21929,37.508728,55.599902,88,278,100,80.09
21930,37.326476,55.550389,403,1315,74.76,92.22
21931,37.34724,55.530995,175,613,100,82.06
21932,37.427751,55.361414,1107,4546,100,91.99
21933,37.435044,55.38989,379,1351,100,86.44
21934,37.317783,55.451995,58,182,100,92.04
21935,37.328944,55.444471,300,981,100,100
21936,37.446278,55.619694,111,386,100,100
21938,37.388654,55.381803,281,958,100,100
21939,37.492117,55.719615,181,637,70.52,4.01
21941,37.455732,55.454406,72,260,100,100
21942,37.439285,55.49006,817,2824,98.04,100
21943,37.369534,55.462622,146,477,100,75.56
21944,37.341912,55.480383,217,686,100,57.9
21945,37.392441,55.417065,67,228,99.53,37.09
21946,37.505909,55.745129,123,458,18.53,97.03
21947,37.312099,55.542107,63,210,78.78,33.02
21948,37.392862,55.3866,74,239,100,100
21949,37.461725,55.698306,168,605,100,77.99
21950,37.446515,55.719363,98,355,0,41.44
21952,37.472029,55.503218,475,1608,97.14,100
21953,37.416029,55.397877,55,197,100,62.1
21954,37.435143,55.406765,467,1685,85.57,85.67
21955,37.325536,55.418676,276,926,100,100
21956,37.541196,55.700331,400,1689,98.57,100
21957,37.424553,55.58802,529,1881,100,100
21958,37.355484,55.564475,260,871,100,100
21959,37.555141,55.746293,184,778,100,97.49
21960,37.344764,55.514841,263,966,98.13,76.61
21961,37.385396,55.430103,117,380,92.05,81.88
21962,37.473092,55.465994,57,253,99.15,81.88
21963,37.475477,55.513562,85,288,100,98.03
21965,37.340284,55.37178,251,844,100,64.29
21966,37.493447,55.497895,1224,4535,99.64,100
21969,37.441963,55.75679,127,479,49.02,100
21970,37.440777,55.617012,412,1511,99.47,99.3
21971,37.528175,55.668398,85,314,98.37,100
21972,37.517026,55.612757,249,825,69.4,86.59
21973,37.367241,55.399764,489,1657,85.88,47.35
21974,37.482333,55.705017,175,587,0,98.35
21975,37.360715,55.498651,772,2773,100,85.38
21976,37.516801,55.560278,147,510,100,100
21977,37.374971,55.359508,427,1500,100,85.98
21978,37.514131,55.731894,61,213,90.5,98.57
21979,37.50991,55.54129,409,1381,100,87.05
21980,37.439498,55.640327,50,161,3.85,11.61
21981,37.359388,55.658967,174,537,100,98.21
21982,37.45356,55.431788,627,2385,100,35.7
21983,37.451818,55.392219,240,867,100,100
21984,37.532113,55.680186,161,615,60.34,39.07
21985,37.471855,55.62492,534,2068,97.03,100
21986,37.460782,55.626356,205,754,100,92.93
21988,37.398515,55.522716,297,1119,100,100
21990,37.404198,55.549932,60,202,100,99.87
22072,37.656354,56.092096,284,956,21.78,98.75
22073,37.116237,55.217408,456,1624,34.88,64.16
22075,37.682335,55.904967,83,310,44.34,43.41
22076,37.711442,55.916871,119,457,20.76,84.5
22078,37.910888,56.19875,60,228,100,96.94
22079,37.766247,56.010121,60,238,0,0
22082,37.805281,55.889879,98,370,27.25,99.81
22084,37.810705,56.030228,43,153,61.9,71.89
22086,37.987116,56.100249,102,380,0.89,99.8
22089,37.595685,55.633934,26,86,89.7,100
22091,37.928645,56.19899,30,130,84.46,100
22098,37.632245,55.699301,95,313,97.75,99.66
22099,37.625449,55.921457,147,543,100,89.8
22101,37.79941,55.939246,365,1307,97.68,96.06
22102,37.705956,55.859884,226,922,91.54,72.39
22105,37.867954,55.773632,170,623,85.86,100
22106,38.040399,56.068394,116,400,18.67,99.26
22107,37.613916,55.949622,79,303,100,94.33
22108,37.821849,55.879245,83,266,99.01,100
22110,37.989894,56.138354,69,243,0,86.41
22111,37.868179,55.791645,121,444,100,97.98
22112,37.746507,55.980202,31,105,0,0
22113,37.867664,55.765359,198,727,99.77,93.74
22114,38.060519,56.160307,31,116,65.88,68.95
22115,37.887167,55.891497,60,223,65.7,36.34
22116,37.635466,55.934809,192,721,73.92,99.71
22118,37.682863,55.748589,352,1402,24.56,100
22119,37.657071,55.901546,195,682,83.51,64.05
22120,38.049793,56.137894,24,91,100,0
22122,37.603052,55.647439,54,186,55.9,99.07
22123,37.62037,55.674196,163,542,96.57,100
22124,37.883858,55.853061,115,429,57.21,31.31
22125,37.879852,55.962587,128,499,50.61,95.92
22126,37.715718,55.676588,185,640,100,69.16
22127,37.696346,55.838035,141,508,99.08,90.65
22128,37.682204,55.868618,370,1396,98.56,96.61
22129,37.577744,55.785133,232,858,90.54,85.71
22130,37.87753,55.806492,69,249,100,97.38
22133,37.629253,55.785734,47,159,0,13.33
22134,37.909883,56.002303,36,135,0,99.14
22135,37.913673,56.2461,80,288,100,100
22136,37.605981,55.825184,374,1465,0,78.85
22137,37.630118,55.865176,339,1252,80.7,99.28
22138,37.728366,55.875094,105,363,100,74.77
22139,37.646909,55.720722,170,620,0,100
22140,37.608931,55.902947,187,687,100,83.82
22141,37.660554,55.931126,104,350,6.35,0.39
22142,37.627107,55.716069,57,171,94.83,96.36
22144,37.91779,56.159621,87,288,100,100
22145,37.561087,55.974781,205,709,100,100
22146,37.913042,56.235123,37,164,0,100
22147,37.912525,56.227543,34,148,98.03,100
22150,38.048322,55.81718,301,1079,0,99.66
22151,37.074435,54.583876,51,194,23.7,92.05
22152,37.902502,56.018866,101,352,0,60.16
22153,37.614767,55.997508,586,2183,89.52,100
22155,37.829568,56.087998,111,390,48.74,100
22157,37.63773,55.90273,73,254,39.11,100
22161,37.994768,55.645433,440,1702,71.53,99.84
22252,37.410641,55.243572,694,2675,96.26,100
22254,37.300844,55.242735,1403,5534,100,100
22255,37.276311,55.15603,2169,8148,100,99.43
22257,37.407158,55.131317,245,950,100,99.64
22258,37.323574,55.268309,293,1045,83.14,100
22259,37.266808,55.192709,819,3055,100,100
22260,37.272529,55.107209,120,430,95.65,98.65
22261,37.242473,55.004584,258,953,100,66.47
22262,37.434399,55.100171,192,711,96.84,44.37
22263,37.338721,55.284571,287,1141,100,44.1
22264,37.268089,55.203239,882,3397,100,100
22265,37.214164,55.061395,622,2209,99.99,100
22268,37.251235,54.941823,598,2477,100,99.9
22270,37.281936,55.217523,461,1695,82.59,100
22271,37.221935,55.019768,513,1950,100,97.5
22275,37.228135,55.052668,461,1699,96.6,100
22278,37.329853,55.278378,383,1436,97,47.57
22279,37.410652,55.188984,209,744,100,22.7
22280,37.238039,55.026541,354,1323,100,100
22281,37.358758,55.196935,192,667,98.66,49.48
22283,37.371217,55.301182,185,662,100,100
22284,37.248392,54.989487,747,3044,100,69.57
22285,37.222647,55.112023,177,673,97.77,100
22286,37.257541,55.145214,2144,8250,100,100
22287,37.335101,55.153689,80,315,84.18,89.64
22288,37.410845,55.290168,744,2998,99.4,72.37
22289,37.383484,55.211974,76,289,36.01,87.98
22290,37.231091,54.91088,215,807,100,45.8
22330,37.086611,54.903407,112,417,99.67,98.29
22331,37.164625,54.804532,228,864,100,100
22332,37.124509,54.875,239,915,100,100
22333,37.125359,54.848986,119,427,100,100
22334,37.124304,54.857176,792,3101,100,99.16
22335,37.224192,54.825952,1159,4199,99.5,100
22336,37.193415,54.99873,162,574,99.02,97.76
22337,37.187817,54.94197,217,797,95.41,81.97
22338,37.205752,54.737254,33,109,100,29.16
22339,37.124622,54.983245,335,1186,60.15,82.22
22341,37.169564,54.965234,109,445,100,100
22342,37.177347,54.859223,310,1280,82.75,100
22343,37.044061,54.886057,516,1881,91.94,98.79
22344,37.07237,54.878911,676,2320,88.51,61.7
22345,37.096725,54.921492,355,1265,100,100
22346,37.208521,54.763766,239,878,92.82,83.08
22367,37.190912,55.184701,734,2712,58.75,98.2
22368,37.200548,55.192841,352,1249,79.77,98.31
22369,37.234015,55.267515,371,1276,100,100
22370,37.273039,55.28528,793,2825,81.77,80.63
22371,37.260223,55.315315,466,1685,98.06,99.35
22372,37.28284,55.249245,320,1158,97.24,56.37
22373,37.297086,55.309774,424,1468,59.28,100
22375,37.231719,55.243956,682,2413,0,96.49
22376,37.165422,55.195711,192,625,64.21,100
22377,37.164685,55.170813,252,926,100,98.39
22378,37.212446,55.183039,304,1148,96.39,100.01
22379,37.379718,55.326342,860,3219,85.83,56.83
22380,37.389482,55.34597,284,1094,94.21,91.18
22381,37.208421,55.28754,477,1723,87.93,98.32
22382,37.236974,55.235945,452,1532,100,88.28
22383,37.183877,55.255974,200,743,100,100
22384,37.230878,55.201245,1385,4738,100,100
22385,37.321233,55.307587,825,3002,96.02,100
22386,37.191221,55.267906,476,1760,100,99.73
22387,37.216554,55.228625,391,1479,100,100
22389,37.154528,55.261799,780,2910,100,99.99
22390,37.129296,55.203928,688,2584,97.69,98.61
22391,37.240086,55.261823,392,1359,100,86.18
22392,37.182653,55.198502,431,1528,39.14,100
22393,37.226623,55.288989,397,1285,58.8,98.35
22394,37.211756,55.213514,372,1299,91.7,100
22395,37.289725,55.254286,307,1119,100,78.33
22396,37.226482,55.299641,464,1792,100,100
22433,37.180217,55.155418,103,371,100,100
22434,37.153507,55.025005,583,2276,99.3,100
22436,37.081449,55.000173,543,2094,89.79,100
22439,37.149569,55.128382,70,264,100,63.4
22440,37.170179,55.11736,176,561,78.8,100
22441,37.13257,55.093093,1044,3847,100,93.57
22442,37.16034,55.095069,583,2140,94.99,100
22444,37.145684,55.119181,230,819,100,97.93
22445,37.160128,55.06363,298,1087,100,100
22476,37.249906,55.493162,138,460,56.89,100
22477,37.164424,55.584156,84,265,100,100
22478,37.149079,55.621363,30,83,100,100
22480,37.154209,55.593004,202,731,100,100
22481,37.185022,55.66545,153,405,0,100
22482,37.0768,55.46559,214,642,0,17.8
22483,37.200881,55.493968,197,669,0,100
22484,37.204012,55.702653,152,530,47.68,98.21
22485,37.226264,55.683879,159,507,0.99,61.64
22486,37.22595,55.464231,89,305,27.12,92.34
22487,37.089826,55.565036,236,734,37.9,75.41
22488,37.200512,55.530958,183,607,0,84.91
22490,37.078296,55.499444,89,306,100,89.88
22491,37.078937,55.541012,103,372,28.5,55.89
22492,37.088258,55.545462,33,105,0,45.92
22493,37.083524,55.547683,25,86,65,3.66
22497,37.137218,55.608642,246,821,100,92.35
22498,37.106984,55.49461,57,204,0,100
22499,37.083225,55.50576,41,133,91.03,98.58
22501,37.068731,55.527097,205,647,25.21,100
22503,36.806517,54.837509,36,98,0,100
22504,37.070578,55.494007,64,198,39.15,96.63
22505,37.093235,55.477552,100,292,0,100
22506,37.175858,55.638542,152,498,99.31,100
22508,37.004771,55.536418,162,528,100,94.77
22509,37.272975,55.668505,67,208,85.36,66.11
22511,37.177665,55.549071,482,1666,0,100
22514,36.954106,55.42633,142,500,3.23,100
22515,37.220023,55.641456,126,412,0.34,32.02
22517,37.043506,55.492359,388,1409,100,97.08
22518,37.056058,55.493655,60,196,100,100
22519,37.155927,55.630556,391,1288,100,100
22520,37.08477,55.471948,22,68,0,100
22521,37.2294,55.63963,118,396,90.39,99.62
22522,36.989935,55.560089,478,1566,86.6,97.23
22523,37.192887,55.621218,153,505,93.22,100
22524,37.014918,55.591617,666,2187,100,29.23
22525,37.09757,55.581714,32,97,0,0
22526,37.009997,55.555908,484,1386,91.34,100
22527,37.061921,55.505506,64,227,40,90.49
22529,37.233212,55.510837,67,253,31.2,78.96
22530,37.227496,55.532963,36,128,0,100
22587,37.074668,55.397638,37,108,0,91.62
22588,37.212797,55.343587,1428,4780,87.96,100
22589,37.090412,55.391771,108,285,0,51.07
22590,37.251713,55.353041,286,930,100,100
22591,37.270714,55.408772,120,430,100,100
22594,37.248044,55.395438,301,955,100,100
22595,37.174802,55.349738,200,621,0,67.24
22596,37.163025,55.434033,281,862,61.77,100
22597,37.309034,55.482165,314,1019,84.62,100
22598,37.287547,55.469683,202,598,87.95,95.59
22599,37.178951,55.384163,154,446,100,100
22600,37.179673,55.378599,62,179,100,100
22601,37.227475,55.343954,302,1009,100,76.2
22603,37.226612,55.40095,56,169,100,96.54
22605,37.24806,55.329668,117,396,90.01,91.95
22606,37.188241,55.449603,69,193,0,100
22607,37.062742,55.385587,90,243,0,100
22609,37.279811,55.461268,162,565,100,93.02
22610,37.150476,55.411939,23,56,0,100
22611,37.181717,55.462142,46,145,0,100
22612,37.227264,55.331799,162,660,96.18,100
22614,37.158202,55.40118,24,59,0,98.96
22615,37.19789,55.32037,581,1982,93.13,98.44
22616,37.246504,55.422434,504,1627,100,100
22617,37.343884,55.624342,228,716,100,91.11
22618,37.21559,55.354764,530,1598,100,100
22619,36.895513,54.511218,333,1205,100,95.11
22620,37.244355,55.374178,504,1527,100,100
22623,37.163355,55.408052,58,176,0,96.88
22624,37.149108,55.310218,116,301,5.08,99.14
22625,36.792856,54.014022,179,564,86.41,96.75
22627,37.170399,55.333491,264,811,100,100
22628,37.133902,55.364083,141,404,39.04,0
22629,37.106061,55.368381,41,142,0,0
22630,37.330394,55.604845,56,205,55.83,24.75
22631,37.290408,55.41561,541,1775,97.63,94.07
22635,37.29526,55.369953,1143,3919,100,100
22636,36.792856,54.014022,175,591,98.76,82.57
